{
  "n_observations": 2000,
  "mean_spread_bps": 0.10851241175665903,
  "std_spread_bps": 0.006801837313110473,
  "median_spread_bps": 0.10921207883785662,
  "sentiment_spread_correlation": 0.08474731774875154,
  "epistemic_spread_correlation": 0.495573628101375,
  "aleatoric_spread_correlation": 0.6122838335838892,
  "total_uncertainty_spread_correlation": 0.6368953091782845,
  "bullish_periods_pct": 24.4,
  "neutral_periods_pct": 57.199999999999996,
  "bearish_periods_pct": 18.4,
  "mean_spread_bullish": 0.10571088559854784,
  "mean_spread_neutral": 0.11191175763280638,
  "mean_spread_bearish": 0.1016599473078702,
  "inventory_volatility": 7.42977232210915,
  "max_inventory": 24.0,
  "mean_inventory": -6.422,
  "return_mean": 6.57370260332662e-05,
  "return_std": 0.0007144604806345768,
  "return_skewness": -0.1240293398889286,
  "return_kurtosis": 0.015856399008696176,
  "spread_skewness": -0.16133051369514134,
  "spread_kurtosis": -0.35416214485771347,
  "mean_epistemic": 0.05099073702130932,
  "mean_aleatoric": 0.22683680913760615,
  "epistemic_std": 0.0109022144949934,
  "aleatoric_std": 0.037962858358327925,
  "price_start": 100.01866261478973,
  "price_end": 114.06461770257212,
  "price_min": 99.04597622633656,
  "price_max": 123.31492522303887
}